clip_id,camera_id,road_id,vehicle_count,avg_speed_kmh,occupancy_ratio,stationary_ratio,queue_persistence_s,pedestrian_count,ground_truth_state
clip_001.mp4,CAM_01,R01_SHIVAJI_JM,38,4.2,0.82,0.72,85.0,2,HEAVY_CONGESTION
clip_002.mp4,CAM_01,R01_SHIVAJI_JM,42,3.8,0.86,0.78,110.0,1,HEAVY_CONGESTION
clip_003.mp4,CAM_03,R03_JM_DECCAN,48,2.5,0.91,0.84,135.0,3,HEAVY_CONGESTION
clip_004.mp4,CAM_04,R07_DECCAN_SWARGATE,40,3.1,0.84,0.75,95.0,0,HEAVY_CONGESTION
clip_005.mp4,CAM_01,R01_SHIVAJI_JM,45,2.1,0.89,0.80,120.0,2,HEAVY_CONGESTION
clip_006.mp4,CAM_02,R04_FC_DECCAN,36,4.5,0.78,0.68,70.0,1,HEAVY_CONGESTION
clip_007.mp4,CAM_01,R01_SHIVAJI_JM,12,42.5,0.18,0.00,0.0,0,FREE_FLOW
clip_008.mp4,CAM_01,R01_SHIVAJI_JM,10,48.0,0.15,0.00,0.0,1,FREE_FLOW
clip_009.mp4,CAM_06,R10_SB_SWARGATE,14,52.1,0.20,0.00,0.0,0,FREE_FLOW
clip_010.mp4,CAM_06,R10_SB_SWARGATE,8,55.0,0.12,0.00,0.0,0,FREE_FLOW
clip_011.mp4,CAM_03,R03_JM_DECCAN,15,44.2,0.22,0.00,0.0,0,FREE_FLOW
clip_012.mp4,CAM_05,R06_KARVE_DECCAN,11,41.0,0.17,0.00,0.0,0,FREE_FLOW
clip_013.mp4,CAM_02,R04_FC_DECCAN,22,34.5,0.38,0.10,5.0,2,NORMAL
clip_014.mp4,CAM_02,R04_FC_DECCAN,25,32.0,0.42,0.12,8.0,3,NORMAL
clip_015.mp4,CAM_03,R03_JM_DECCAN,28,36.0,0.45,0.08,0.0,1,NORMAL
clip_016.mp4,CAM_04,R07_DECCAN_SWARGATE,30,33.2,0.48,0.15,10.0,4,NORMAL
clip_017.mp4,CAM_05,R06_KARVE_DECCAN,20,35.0,0.35,0.05,0.0,2,NORMAL
clip_018.mp4,CAM_01,R01_SHIVAJI_JM,24,31.8,0.40,0.14,12.0,1,NORMAL
clip_019.mp4,CAM_02,R04_FC_DECCAN,32,16.5,0.65,0.38,25.0,2,SLOW
clip_020.mp4,CAM_02,R04_FC_DECCAN,35,14.2,0.68,0.42,30.0,4,SLOW
clip_021.mp4,CAM_03,R03_JM_DECCAN,38,18.0,0.64,0.35,20.0,3,SLOW
clip_022.mp4,CAM_05,R06_KARVE_DECCAN,28,15.5,0.62,0.40,28.0,1,SLOW
clip_023.mp4,CAM_04,R07_DECCAN_SWARGATE,34,17.1,0.66,0.36,22.0,5,SLOW
clip_024.mp4,CAM_01,R01_SHIVAJI_JM,30,15.0,0.61,0.39,26.0,2,SLOW
clip_025.mp4,CAM_04,R07_DECCAN_SWARGATE,28,1.2,0.72,0.85,25.0,1,SIGNAL_QUEUE
clip_026.mp4,CAM_04,R07_DECCAN_SWARGATE,32,0.8,0.76,0.88,35.0,2,SIGNAL_QUEUE
clip_027.mp4,CAM_02,R04_FC_DECCAN,25,1.5,0.68,0.80,20.0,0,SIGNAL_QUEUE
clip_028.mp4,CAM_03,R03_JM_DECCAN,30,0.5,0.74,0.86,40.0,3,SIGNAL_QUEUE
clip_029.mp4,CAM_05,R06_KARVE_DECCAN,24,1.8,0.65,0.78,18.0,1,SIGNAL_QUEUE
clip_030.mp4,CAM_04,R07_DECCAN_SWARGATE,29,1.0,0.71,0.82,28.0,2,SIGNAL_QUEUE
clip_031.mp4,CAM_03,R03_JM_DECCAN,36,7.5,0.74,0.58,62.0,2,TRAFFIC_QUEUE
clip_032.mp4,CAM_03,R03_JM_DECCAN,39,6.8,0.78,0.62,75.0,1,TRAFFIC_QUEUE
clip_033.mp4,CAM_04,R07_DECCAN_SWARGATE,35,8.2,0.72,0.55,60.0,3,TRAFFIC_QUEUE
clip_034.mp4,CAM_01,R01_SHIVAJI_JM,33,7.0,0.70,0.59,68.0,0,TRAFFIC_QUEUE
clip_035.mp4,CAM_02,R04_FC_DECCAN,31,6.5,0.69,0.57,64.0,2,TRAFFIC_QUEUE
clip_036.mp4,CAM_05,R06_KARVE_DECCAN,30,7.9,0.71,0.56,61.0,1,TRAFFIC_QUEUE
clip_037.mp4,CAM_05,R06_KARVE_DECCAN,4,0.0,0.30,1.00,320.0,1,PARKED
clip_038.mp4,CAM_05,R06_KARVE_DECCAN,5,0.0,0.35,1.00,410.0,2,PARKED
clip_039.mp4,CAM_02,R04_FC_DECCAN,6,0.0,0.38,1.00,500.0,0,PARKED
clip_040.mp4,CAM_01,R01_SHIVAJI_JM,3,0.0,0.22,1.00,380.0,3,PARKED
clip_041.mp4,CAM_06,R10_SB_SWARGATE,4,0.0,0.28,1.00,450.0,1,PARKED
clip_042.mp4,CAM_03,R03_JM_DECCAN,5,0.0,0.32,1.00,360.0,0,PARKED
clip_043.mp4,CAM_03,R03_JM_DECCAN,5,0.0,0.40,1.00,180.0,65,PEDESTRIAN_CROWD
clip_044.mp4,CAM_03,R03_JM_DECCAN,3,0.0,0.32,1.00,210.0,85,PEDESTRIAN_CROWD
clip_045.mp4,CAM_01,R01_SHIVAJI_JM,6,0.0,0.45,1.00,195.0,72,PEDESTRIAN_CROWD
clip_046.mp4,CAM_04,R07_DECCAN_SWARGATE,4,0.0,0.38,1.00,240.0,90,PEDESTRIAN_CROWD
clip_047.mp4,CAM_02,R04_FC_DECCAN,8,0.0,0.50,1.00,170.0,58,PEDESTRIAN_CROWD
clip_048.mp4,CAM_03,R03_JM_DECCAN,2,0.0,0.25,1.00,260.0,110,PEDESTRIAN_CROWD
clip_049.mp4,CAM_03,R03_JM_DECCAN,0,0.0,0.00,0.00,0.0,0,BLOCKED
clip_050.mp4,CAM_03,R03_JM_DECCAN,0,0.0,0.00,0.00,0.0,1,BLOCKED
clip_051.mp4,CAM_04,R07_DECCAN_SWARGATE,0,0.0,0.00,0.00,0.0,0,BLOCKED
clip_052.mp4,CAM_01,R01_SHIVAJI_JM,0,0.0,0.00,0.00,0.0,0,BLOCKED
clip_053.mp4,CAM_02,R04_FC_DECCAN,0,0.0,0.00,0.00,0.0,2,BLOCKED
clip_054.mp4,CAM_05,R06_KARVE_DECCAN,0,0.0,0.00,0.00,0.0,0,BLOCKED
